id,url,title,author,created_utc
1ozh1f2,https://i.redd.it/2sety1w1qt1g1.jpeg,We are so done for bruhhhðŸ˜­ðŸ˜­,shxf_1,1763388062.0
1ozfhgk,https://i.redd.it/lsctz8c0et1g1.png,In case if you wanted concrete proof who was behind yesterday's Trinco incident ðŸ˜‚,curiouscolombite,1763384016.0
1ozebo7,https://i.redd.it/rz788vim3t1g1.jpeg,In a conflict between India and Pakistan who do you support?,Dhanagg,1763380519.0
1ozdn89,https://i.redd.it/o55zys1mws1g1.jpeg,Ideas on this Stand up/Comedy show?,Unreal_realist-7381,1763378160.0
1ozdi55,https://i.redd.it/g2zyk41tus1g1.png,"Can't believe ""THE C*NT OF MONTE CRISTO"" is in stock at Sarasavi Book Shop ðŸ˜Š",wiknew1,1763377668.0
1ozcc9l,https://i.redd.it/giosjowiis1g1.jpeg,Why arenâ€™t true religious leaders questioning this?,Aromatic_Emu_1230,1763373423.0
1ozbed2,https://i.redd.it/rgeqe9197s1g1.png,a $1m for a $250k car is crazy.,smllcheeseburger,1763369682.0
1oz8366,https://i.redd.it/izoctkki6r1g1.jpeg,Where to get side bags like this for men?,Crimson_roses154,1763357282.0
1ozh1f2,https://i.redd.it/2sety1w1qt1g1.jpeg,We are so done for bruhhhðŸ˜­ðŸ˜­,shxf_1,1763388062.0
1ozfhgk,https://i.redd.it/lsctz8c0et1g1.png,In case if you wanted concrete proof who was behind yesterday's Trinco incident ðŸ˜‚,curiouscolombite,1763384016.0
1ozebo7,https://i.redd.it/rz788vim3t1g1.jpeg,In a conflict between India and Pakistan who do you support?,Dhanagg,1763380519.0
1ozdn89,https://i.redd.it/o55zys1mws1g1.jpeg,Ideas on this Stand up/Comedy show?,Unreal_realist-7381,1763378160.0
1ozdi55,https://i.redd.it/g2zyk41tus1g1.png,"Can't believe ""THE C*NT OF MONTE CRISTO"" is in stock at Sarasavi Book Shop ðŸ˜Š",wiknew1,1763377668.0
1ozcc9l,https://i.redd.it/giosjowiis1g1.jpeg,Why arenâ€™t true religious leaders questioning this?,Aromatic_Emu_1230,1763373423.0
1ozbed2,https://i.redd.it/rgeqe9197s1g1.png,a $1m for a $250k car is crazy.,smllcheeseburger,1763369682.0
1oz8366,https://i.redd.it/izoctkki6r1g1.jpeg,Where to get side bags like this for men?,Crimson_roses154,1763357282.0
1ozh1f2,https://i.redd.it/2sety1w1qt1g1.jpeg,We are so done for bruhhhðŸ˜­ðŸ˜­,shxf_1,1763388062.0
1ozfhgk,https://i.redd.it/lsctz8c0et1g1.png,In case if you wanted concrete proof who was behind yesterday's Trinco incident ðŸ˜‚,curiouscolombite,1763384016.0
1ozebo7,https://i.redd.it/rz788vim3t1g1.jpeg,In a conflict between India and Pakistan who do you support?,Dhanagg,1763380519.0
1ozdn89,https://i.redd.it/o55zys1mws1g1.jpeg,Ideas on this Stand up/Comedy show?,Unreal_realist-7381,1763378160.0
1ozdi55,https://i.redd.it/g2zyk41tus1g1.png,"Can't believe ""THE C*NT OF MONTE CRISTO"" is in stock at Sarasavi Book Shop ðŸ˜Š",wiknew1,1763377668.0
1ozcc9l,https://i.redd.it/giosjowiis1g1.jpeg,Why arenâ€™t true religious leaders questioning this?,Aromatic_Emu_1230,1763373423.0
1ozbed2,https://i.redd.it/rgeqe9197s1g1.png,a $1m for a $250k car is crazy.,smllcheeseburger,1763369682.0
1oz8366,https://i.redd.it/izoctkki6r1g1.jpeg,Where to get side bags like this for men?,Crimson_roses154,1763357282.0
1ozh1f2,https://i.redd.it/2sety1w1qt1g1.jpeg,We are so done for bruhhhðŸ˜­ðŸ˜­,shxf_1,1763388062.0
1ozfhgk,https://i.redd.it/lsctz8c0et1g1.png,In case if you wanted concrete proof who was behind yesterday's Trinco incident ðŸ˜‚,curiouscolombite,1763384016.0
1ozebo7,https://i.redd.it/rz788vim3t1g1.jpeg,In a conflict between India and Pakistan who do you support?,Dhanagg,1763380519.0
1ozdn89,https://i.redd.it/o55zys1mws1g1.jpeg,Ideas on this Stand up/Comedy show?,Unreal_realist-7381,1763378160.0
1ozdi55,https://i.redd.it/g2zyk41tus1g1.png,"Can't believe ""THE C*NT OF MONTE CRISTO"" is in stock at Sarasavi Book Shop ðŸ˜Š",wiknew1,1763377668.0
1ozcc9l,https://i.redd.it/giosjowiis1g1.jpeg,Why arenâ€™t true religious leaders questioning this?,Aromatic_Emu_1230,1763373423.0
1ozbed2,https://i.redd.it/rgeqe9197s1g1.png,a $1m for a $250k car is crazy.,smllcheeseburger,1763369682.0
1oz8366,https://i.redd.it/izoctkki6r1g1.jpeg,Where to get side bags like this for men?,Crimson_roses154,1763357282.0
1ozh1f2,https://i.redd.it/2sety1w1qt1g1.jpeg,We are so done for bruhhhðŸ˜­ðŸ˜­,shxf_1,1763388062.0
1ozfhgk,https://i.redd.it/lsctz8c0et1g1.png,In case if you wanted concrete proof who was behind yesterday's Trinco incident ðŸ˜‚,curiouscolombite,1763384016.0
1ozebo7,https://i.redd.it/rz788vim3t1g1.jpeg,In a conflict between India and Pakistan who do you support?,Dhanagg,1763380519.0
1ozdn89,https://i.redd.it/o55zys1mws1g1.jpeg,Ideas on this Stand up/Comedy show?,Unreal_realist-7381,1763378160.0
1ozdi55,https://i.redd.it/g2zyk41tus1g1.png,"Can't believe ""THE C*NT OF MONTE CRISTO"" is in stock at Sarasavi Book Shop ðŸ˜Š",wiknew1,1763377668.0
1ozcc9l,https://i.redd.it/giosjowiis1g1.jpeg,Why arenâ€™t true religious leaders questioning this?,Aromatic_Emu_1230,1763373423.0
1ozbed2,https://i.redd.it/rgeqe9197s1g1.png,a $1m for a $250k car is crazy.,smllcheeseburger,1763369682.0
1oz8366,https://i.redd.it/izoctkki6r1g1.jpeg,Where to get side bags like this for men?,Crimson_roses154,1763357282.0
1ozh1f2,https://i.redd.it/2sety1w1qt1g1.jpeg,We are so done for bruhhhðŸ˜­ðŸ˜­,shxf_1,1763388062.0
1ozfhgk,https://i.redd.it/lsctz8c0et1g1.png,In case if you wanted concrete proof who was behind yesterday's Trinco incident ðŸ˜‚,curiouscolombite,1763384016.0
1ozebo7,https://i.redd.it/rz788vim3t1g1.jpeg,In a conflict between India and Pakistan who do you support?,Dhanagg,1763380519.0
1ozdn89,https://i.redd.it/o55zys1mws1g1.jpeg,Ideas on this Stand up/Comedy show?,Unreal_realist-7381,1763378160.0
1ozdi55,https://i.redd.it/g2zyk41tus1g1.png,"Can't believe ""THE C*NT OF MONTE CRISTO"" is in stock at Sarasavi Book Shop ðŸ˜Š",wiknew1,1763377668.0
1ozcc9l,https://i.redd.it/giosjowiis1g1.jpeg,Why arenâ€™t true religious leaders questioning this?,Aromatic_Emu_1230,1763373423.0
1ozbed2,https://i.redd.it/rgeqe9197s1g1.png,a $1m for a $250k car is crazy.,smllcheeseburger,1763369682.0
1oz8366,https://i.redd.it/izoctkki6r1g1.jpeg,Where to get side bags like this for men?,Crimson_roses154,1763357282.0
1ozh1f2,https://i.redd.it/2sety1w1qt1g1.jpeg,We are so done for bruhhhðŸ˜­ðŸ˜­,shxf_1,1763388062.0
1ozfhgk,https://i.redd.it/lsctz8c0et1g1.png,In case if you wanted concrete proof who was behind yesterday's Trinco incident ðŸ˜‚,curiouscolombite,1763384016.0
1ozebo7,https://i.redd.it/rz788vim3t1g1.jpeg,In a conflict between India and Pakistan who do you support?,Dhanagg,1763380519.0
1ozdn89,https://i.redd.it/o55zys1mws1g1.jpeg,Ideas on this Stand up/Comedy show?,Unreal_realist-7381,1763378160.0
1ozdi55,https://i.redd.it/g2zyk41tus1g1.png,"Can't believe ""THE C*NT OF MONTE CRISTO"" is in stock at Sarasavi Book Shop ðŸ˜Š",wiknew1,1763377668.0
1ozcc9l,https://i.redd.it/giosjowiis1g1.jpeg,Why arenâ€™t true religious leaders questioning this?,Aromatic_Emu_1230,1763373423.0
1ozbed2,https://i.redd.it/rgeqe9197s1g1.png,a $1m for a $250k car is crazy.,smllcheeseburger,1763369682.0
1oz8366,https://i.redd.it/izoctkki6r1g1.jpeg,Where to get side bags like this for men?,Crimson_roses154,1763357282.0
1ozh1f2,https://i.redd.it/2sety1w1qt1g1.jpeg,We are so done for bruhhhðŸ˜­ðŸ˜­,shxf_1,1763388062.0
1ozfhgk,https://i.redd.it/lsctz8c0et1g1.png,In case if you wanted concrete proof who was behind yesterday's Trinco incident ðŸ˜‚,curiouscolombite,1763384016.0
1ozebo7,https://i.redd.it/rz788vim3t1g1.jpeg,In a conflict between India and Pakistan who do you support?,Dhanagg,1763380519.0
1ozdn89,https://i.redd.it/o55zys1mws1g1.jpeg,Ideas on this Stand up/Comedy show?,Unreal_realist-7381,1763378160.0
1ozdi55,https://i.redd.it/g2zyk41tus1g1.png,"Can't believe ""THE C*NT OF MONTE CRISTO"" is in stock at Sarasavi Book Shop ðŸ˜Š",wiknew1,1763377668.0
1ozcc9l,https://i.redd.it/giosjowiis1g1.jpeg,Why arenâ€™t true religious leaders questioning this?,Aromatic_Emu_1230,1763373423.0
1ozbed2,https://i.redd.it/rgeqe9197s1g1.png,a $1m for a $250k car is crazy.,smllcheeseburger,1763369682.0
1oz8366,https://i.redd.it/izoctkki6r1g1.jpeg,Where to get side bags like this for men?,Crimson_roses154,1763357282.0
1ozh1f2,https://i.redd.it/2sety1w1qt1g1.jpeg,We are so done for bruhhhðŸ˜­ðŸ˜­,shxf_1,1763388062.0
1ozfhgk,https://i.redd.it/lsctz8c0et1g1.png,In case if you wanted concrete proof who was behind yesterday's Trinco incident ðŸ˜‚,curiouscolombite,1763384016.0
1ozebo7,https://i.redd.it/rz788vim3t1g1.jpeg,In a conflict between India and Pakistan who do you support?,Dhanagg,1763380519.0
1ozdn89,https://i.redd.it/o55zys1mws1g1.jpeg,Ideas on this Stand up/Comedy show?,Unreal_realist-7381,1763378160.0
1ozdi55,https://i.redd.it/g2zyk41tus1g1.png,"Can't believe ""THE C*NT OF MONTE CRISTO"" is in stock at Sarasavi Book Shop ðŸ˜Š",wiknew1,1763377668.0
1ozcc9l,https://i.redd.it/giosjowiis1g1.jpeg,Why arenâ€™t true religious leaders questioning this?,Aromatic_Emu_1230,1763373423.0
1ozbed2,https://i.redd.it/rgeqe9197s1g1.png,a $1m for a $250k car is crazy.,smllcheeseburger,1763369682.0
1oz8366,https://i.redd.it/izoctkki6r1g1.jpeg,Where to get side bags like this for men?,Crimson_roses154,1763357282.0
1ozh1f2,https://i.redd.it/2sety1w1qt1g1.jpeg,We are so done for bruhhhðŸ˜­ðŸ˜­,shxf_1,1763388062.0
1ozfhgk,https://i.redd.it/lsctz8c0et1g1.png,In case if you wanted concrete proof who was behind yesterday's Trinco incident ðŸ˜‚,curiouscolombite,1763384016.0
1ozebo7,https://i.redd.it/rz788vim3t1g1.jpeg,In a conflict between India and Pakistan who do you support?,Dhanagg,1763380519.0
1ozdn89,https://i.redd.it/o55zys1mws1g1.jpeg,Ideas on this Stand up/Comedy show?,Unreal_realist-7381,1763378160.0
1ozdi55,https://i.redd.it/g2zyk41tus1g1.png,"Can't believe ""THE C*NT OF MONTE CRISTO"" is in stock at Sarasavi Book Shop ðŸ˜Š",wiknew1,1763377668.0
1ozcc9l,https://i.redd.it/giosjowiis1g1.jpeg,Why arenâ€™t true religious leaders questioning this?,Aromatic_Emu_1230,1763373423.0
1ozbed2,https://i.redd.it/rgeqe9197s1g1.png,a $1m for a $250k car is crazy.,smllcheeseburger,1763369682.0
1oz8366,https://i.redd.it/izoctkki6r1g1.jpeg,Where to get side bags like this for men?,Crimson_roses154,1763357282.0
1ozh1f2,https://i.redd.it/2sety1w1qt1g1.jpeg,We are so done for bruhhhðŸ˜­ðŸ˜­,shxf_1,1763388062.0
1ozfhgk,https://i.redd.it/lsctz8c0et1g1.png,In case if you wanted concrete proof who was behind yesterday's Trinco incident ðŸ˜‚,curiouscolombite,1763384016.0
1ozebo7,https://i.redd.it/rz788vim3t1g1.jpeg,In a conflict between India and Pakistan who do you support?,Dhanagg,1763380519.0
1ozdn89,https://i.redd.it/o55zys1mws1g1.jpeg,Ideas on this Stand up/Comedy show?,Unreal_realist-7381,1763378160.0
1ozdi55,https://i.redd.it/g2zyk41tus1g1.png,"Can't believe ""THE C*NT OF MONTE CRISTO"" is in stock at Sarasavi Book Shop ðŸ˜Š",wiknew1,1763377668.0
1ozcc9l,https://i.redd.it/giosjowiis1g1.jpeg,Why arenâ€™t true religious leaders questioning this?,Aromatic_Emu_1230,1763373423.0
1ozbed2,https://i.redd.it/rgeqe9197s1g1.png,a $1m for a $250k car is crazy.,smllcheeseburger,1763369682.0
1oz8366,https://i.redd.it/izoctkki6r1g1.jpeg,Where to get side bags like this for men?,Crimson_roses154,1763357282.0
1ozh1f2,https://i.redd.it/2sety1w1qt1g1.jpeg,We are so done for bruhhhðŸ˜­ðŸ˜­,shxf_1,1763388062.0
1ozfhgk,https://i.redd.it/lsctz8c0et1g1.png,In case if you wanted concrete proof who was behind yesterday's Trinco incident ðŸ˜‚,curiouscolombite,1763384016.0
1ozebo7,https://i.redd.it/rz788vim3t1g1.jpeg,In a conflict between India and Pakistan who do you support?,Dhanagg,1763380519.0
1ozdn89,https://i.redd.it/o55zys1mws1g1.jpeg,Ideas on this Stand up/Comedy show?,Unreal_realist-7381,1763378160.0
1ozdi55,https://i.redd.it/g2zyk41tus1g1.png,"Can't believe ""THE C*NT OF MONTE CRISTO"" is in stock at Sarasavi Book Shop ðŸ˜Š",wiknew1,1763377668.0
1ozcc9l,https://i.redd.it/giosjowiis1g1.jpeg,Why arenâ€™t true religious leaders questioning this?,Aromatic_Emu_1230,1763373423.0
1ozbed2,https://i.redd.it/rgeqe9197s1g1.png,a $1m for a $250k car is crazy.,smllcheeseburger,1763369682.0
1oz8366,https://i.redd.it/izoctkki6r1g1.jpeg,Where to get side bags like this for men?,Crimson_roses154,1763357282.0
1ozh1f2,https://i.redd.it/2sety1w1qt1g1.jpeg,We are so done for bruhhhðŸ˜­ðŸ˜­,shxf_1,1763388062.0
1ozfhgk,https://i.redd.it/lsctz8c0et1g1.png,In case if you wanted concrete proof who was behind yesterday's Trinco incident ðŸ˜‚,curiouscolombite,1763384016.0
1ozebo7,https://i.redd.it/rz788vim3t1g1.jpeg,In a conflict between India and Pakistan who do you support?,Dhanagg,1763380519.0
1ozdn89,https://i.redd.it/o55zys1mws1g1.jpeg,Ideas on this Stand up/Comedy show?,Unreal_realist-7381,1763378160.0
1ozdi55,https://i.redd.it/g2zyk41tus1g1.png,"Can't believe ""THE C*NT OF MONTE CRISTO"" is in stock at Sarasavi Book Shop ðŸ˜Š",wiknew1,1763377668.0
1ozcc9l,https://i.redd.it/giosjowiis1g1.jpeg,Why arenâ€™t true religious leaders questioning this?,Aromatic_Emu_1230,1763373423.0
1ozbed2,https://i.redd.it/rgeqe9197s1g1.png,a $1m for a $250k car is crazy.,smllcheeseburger,1763369682.0
1oz8366,https://i.redd.it/izoctkki6r1g1.jpeg,Where to get side bags like this for men?,Crimson_roses154,1763357282.0
1ozh1f2,https://i.redd.it/2sety1w1qt1g1.jpeg,We are so done for bruhhhðŸ˜­ðŸ˜­,shxf_1,1763388062.0
1ozfhgk,https://i.redd.it/lsctz8c0et1g1.png,In case if you wanted concrete proof who was behind yesterday's Trinco incident ðŸ˜‚,curiouscolombite,1763384016.0
1ozebo7,https://i.redd.it/rz788vim3t1g1.jpeg,In a conflict between India and Pakistan who do you support?,Dhanagg,1763380519.0
1ozdn89,https://i.redd.it/o55zys1mws1g1.jpeg,Ideas on this Stand up/Comedy show?,Unreal_realist-7381,1763378160.0
1ozdi55,https://i.redd.it/g2zyk41tus1g1.png,"Can't believe ""THE C*NT OF MONTE CRISTO"" is in stock at Sarasavi Book Shop ðŸ˜Š",wiknew1,1763377668.0
1ozcc9l,https://i.redd.it/giosjowiis1g1.jpeg,Why arenâ€™t true religious leaders questioning this?,Aromatic_Emu_1230,1763373423.0
1ozbed2,https://i.redd.it/rgeqe9197s1g1.png,a $1m for a $250k car is crazy.,smllcheeseburger,1763369682.0
1oz8366,https://i.redd.it/izoctkki6r1g1.jpeg,Where to get side bags like this for men?,Crimson_roses154,1763357282.0
1ozh1f2,https://i.redd.it/2sety1w1qt1g1.jpeg,We are so done for bruhhhðŸ˜­ðŸ˜­,shxf_1,1763388062.0
1ozfhgk,https://i.redd.it/lsctz8c0et1g1.png,In case if you wanted concrete proof who was behind yesterday's Trinco incident ðŸ˜‚,curiouscolombite,1763384016.0
1ozebo7,https://i.redd.it/rz788vim3t1g1.jpeg,In a conflict between India and Pakistan who do you support?,Dhanagg,1763380519.0
1ozdn89,https://i.redd.it/o55zys1mws1g1.jpeg,Ideas on this Stand up/Comedy show?,Unreal_realist-7381,1763378160.0
1ozdi55,https://i.redd.it/g2zyk41tus1g1.png,"Can't believe ""THE C*NT OF MONTE CRISTO"" is in stock at Sarasavi Book Shop ðŸ˜Š",wiknew1,1763377668.0
1ozcc9l,https://i.redd.it/giosjowiis1g1.jpeg,Why arenâ€™t true religious leaders questioning this?,Aromatic_Emu_1230,1763373423.0
1ozbed2,https://i.redd.it/rgeqe9197s1g1.png,a $1m for a $250k car is crazy.,smllcheeseburger,1763369682.0
1oz8366,https://i.redd.it/izoctkki6r1g1.jpeg,Where to get side bags like this for men?,Crimson_roses154,1763357282.0
1ozh1f2,https://i.redd.it/2sety1w1qt1g1.jpeg,We are so done for bruhhhðŸ˜­ðŸ˜­,shxf_1,1763388062.0
1ozfhgk,https://i.redd.it/lsctz8c0et1g1.png,In case if you wanted concrete proof who was behind yesterday's Trinco incident ðŸ˜‚,curiouscolombite,1763384016.0
1ozebo7,https://i.redd.it/rz788vim3t1g1.jpeg,In a conflict between India and Pakistan who do you support?,Dhanagg,1763380519.0
1ozdn89,https://i.redd.it/o55zys1mws1g1.jpeg,Ideas on this Stand up/Comedy show?,Unreal_realist-7381,1763378160.0
1ozdi55,https://i.redd.it/g2zyk41tus1g1.png,"Can't believe ""THE C*NT OF MONTE CRISTO"" is in stock at Sarasavi Book Shop ðŸ˜Š",wiknew1,1763377668.0
1ozcc9l,https://i.redd.it/giosjowiis1g1.jpeg,Why arenâ€™t true religious leaders questioning this?,Aromatic_Emu_1230,1763373423.0
1ozbed2,https://i.redd.it/rgeqe9197s1g1.png,a $1m for a $250k car is crazy.,smllcheeseburger,1763369682.0
1oz8366,https://i.redd.it/izoctkki6r1g1.jpeg,Where to get side bags like this for men?,Crimson_roses154,1763357282.0
1ozh1f2,https://i.redd.it/2sety1w1qt1g1.jpeg,We are so done for bruhhhðŸ˜­ðŸ˜­,shxf_1,1763388062.0
1ozfhgk,https://i.redd.it/lsctz8c0et1g1.png,In case if you wanted concrete proof who was behind yesterday's Trinco incident ðŸ˜‚,curiouscolombite,1763384016.0
1ozebo7,https://i.redd.it/rz788vim3t1g1.jpeg,In a conflict between India and Pakistan who do you support?,Dhanagg,1763380519.0
1ozdn89,https://i.redd.it/o55zys1mws1g1.jpeg,Ideas on this Stand up/Comedy show?,Unreal_realist-7381,1763378160.0
1ozdi55,https://i.redd.it/g2zyk41tus1g1.png,"Can't believe ""THE C*NT OF MONTE CRISTO"" is in stock at Sarasavi Book Shop ðŸ˜Š",wiknew1,1763377668.0
1ozcc9l,https://i.redd.it/giosjowiis1g1.jpeg,Why arenâ€™t true religious leaders questioning this?,Aromatic_Emu_1230,1763373423.0
1ozbed2,https://i.redd.it/rgeqe9197s1g1.png,a $1m for a $250k car is crazy.,smllcheeseburger,1763369682.0
1oz8366,https://i.redd.it/izoctkki6r1g1.jpeg,Where to get side bags like this for men?,Crimson_roses154,1763357282.0
1ozh1f2,https://i.redd.it/2sety1w1qt1g1.jpeg,We are so done for bruhhhðŸ˜­ðŸ˜­,shxf_1,1763388062.0
1ozfhgk,https://i.redd.it/lsctz8c0et1g1.png,In case if you wanted concrete proof who was behind yesterday's Trinco incident ðŸ˜‚,curiouscolombite,1763384016.0
1ozebo7,https://i.redd.it/rz788vim3t1g1.jpeg,In a conflict between India and Pakistan who do you support?,Dhanagg,1763380519.0
1ozdn89,https://i.redd.it/o55zys1mws1g1.jpeg,Ideas on this Stand up/Comedy show?,Unreal_realist-7381,1763378160.0
1ozdi55,https://i.redd.it/g2zyk41tus1g1.png,"Can't believe ""THE C*NT OF MONTE CRISTO"" is in stock at Sarasavi Book Shop ðŸ˜Š",wiknew1,1763377668.0
1ozcc9l,https://i.redd.it/giosjowiis1g1.jpeg,Why arenâ€™t true religious leaders questioning this?,Aromatic_Emu_1230,1763373423.0
1ozbed2,https://i.redd.it/rgeqe9197s1g1.png,a $1m for a $250k car is crazy.,smllcheeseburger,1763369682.0
1oz8366,https://i.redd.it/izoctkki6r1g1.jpeg,Where to get side bags like this for men?,Crimson_roses154,1763357282.0
1ozh1f2,https://i.redd.it/2sety1w1qt1g1.jpeg,We are so done for bruhhhðŸ˜­ðŸ˜­,shxf_1,1763388062.0
1ozfhgk,https://i.redd.it/lsctz8c0et1g1.png,In case if you wanted concrete proof who was behind yesterday's Trinco incident ðŸ˜‚,curiouscolombite,1763384016.0
1ozebo7,https://i.redd.it/rz788vim3t1g1.jpeg,In a conflict between India and Pakistan who do you support?,Dhanagg,1763380519.0
1ozdn89,https://i.redd.it/o55zys1mws1g1.jpeg,Ideas on this Stand up/Comedy show?,Unreal_realist-7381,1763378160.0
1ozdi55,https://i.redd.it/g2zyk41tus1g1.png,"Can't believe ""THE C*NT OF MONTE CRISTO"" is in stock at Sarasavi Book Shop ðŸ˜Š",wiknew1,1763377668.0
1ozcc9l,https://i.redd.it/giosjowiis1g1.jpeg,Why arenâ€™t true religious leaders questioning this?,Aromatic_Emu_1230,1763373423.0
1ozbed2,https://i.redd.it/rgeqe9197s1g1.png,a $1m for a $250k car is crazy.,smllcheeseburger,1763369682.0
1oz8366,https://i.redd.it/izoctkki6r1g1.jpeg,Where to get side bags like this for men?,Crimson_roses154,1763357282.0
1ozh1f2,https://i.redd.it/2sety1w1qt1g1.jpeg,We are so done for bruhhhðŸ˜­ðŸ˜­,shxf_1,1763388062.0
1ozfhgk,https://i.redd.it/lsctz8c0et1g1.png,In case if you wanted concrete proof who was behind yesterday's Trinco incident ðŸ˜‚,curiouscolombite,1763384016.0
1ozebo7,https://i.redd.it/rz788vim3t1g1.jpeg,In a conflict between India and Pakistan who do you support?,Dhanagg,1763380519.0
1ozdn89,https://i.redd.it/o55zys1mws1g1.jpeg,Ideas on this Stand up/Comedy show?,Unreal_realist-7381,1763378160.0
1ozdi55,https://i.redd.it/g2zyk41tus1g1.png,"Can't believe ""THE C*NT OF MONTE CRISTO"" is in stock at Sarasavi Book Shop ðŸ˜Š",wiknew1,1763377668.0
1ozcc9l,https://i.redd.it/giosjowiis1g1.jpeg,Why arenâ€™t true religious leaders questioning this?,Aromatic_Emu_1230,1763373423.0
1ozbed2,https://i.redd.it/rgeqe9197s1g1.png,a $1m for a $250k car is crazy.,smllcheeseburger,1763369682.0
1oz8366,https://i.redd.it/izoctkki6r1g1.jpeg,Where to get side bags like this for men?,Crimson_roses154,1763357282.0
1ozh1f2,https://i.redd.it/2sety1w1qt1g1.jpeg,We are so done for bruhhhðŸ˜­ðŸ˜­,shxf_1,1763388062.0
1ozfhgk,https://i.redd.it/lsctz8c0et1g1.png,In case if you wanted concrete proof who was behind yesterday's Trinco incident ðŸ˜‚,curiouscolombite,1763384016.0
1ozebo7,https://i.redd.it/rz788vim3t1g1.jpeg,In a conflict between India and Pakistan who do you support?,Dhanagg,1763380519.0
1ozdn89,https://i.redd.it/o55zys1mws1g1.jpeg,Ideas on this Stand up/Comedy show?,Unreal_realist-7381,1763378160.0
1ozdi55,https://i.redd.it/g2zyk41tus1g1.png,"Can't believe ""THE C*NT OF MONTE CRISTO"" is in stock at Sarasavi Book Shop ðŸ˜Š",wiknew1,1763377668.0
1ozcc9l,https://i.redd.it/giosjowiis1g1.jpeg,Why arenâ€™t true religious leaders questioning this?,Aromatic_Emu_1230,1763373423.0
1ozbed2,https://i.redd.it/rgeqe9197s1g1.png,a $1m for a $250k car is crazy.,smllcheeseburger,1763369682.0
1oz8366,https://i.redd.it/izoctkki6r1g1.jpeg,Where to get side bags like this for men?,Crimson_roses154,1763357282.0
1ozh1f2,https://i.redd.it/2sety1w1qt1g1.jpeg,We are so done for bruhhhðŸ˜­ðŸ˜­,shxf_1,1763388062.0
1ozfhgk,https://i.redd.it/lsctz8c0et1g1.png,In case if you wanted concrete proof who was behind yesterday's Trinco incident ðŸ˜‚,curiouscolombite,1763384016.0
1ozebo7,https://i.redd.it/rz788vim3t1g1.jpeg,In a conflict between India and Pakistan who do you support?,Dhanagg,1763380519.0
1ozdn89,https://i.redd.it/o55zys1mws1g1.jpeg,Ideas on this Stand up/Comedy show?,Unreal_realist-7381,1763378160.0
1ozdi55,https://i.redd.it/g2zyk41tus1g1.png,"Can't believe ""THE C*NT OF MONTE CRISTO"" is in stock at Sarasavi Book Shop ðŸ˜Š",wiknew1,1763377668.0
1ozcc9l,https://i.redd.it/giosjowiis1g1.jpeg,Why arenâ€™t true religious leaders questioning this?,Aromatic_Emu_1230,1763373423.0
1ozbed2,https://i.redd.it/rgeqe9197s1g1.png,a $1m for a $250k car is crazy.,smllcheeseburger,1763369682.0
1oz8366,https://i.redd.it/izoctkki6r1g1.jpeg,Where to get side bags like this for men?,Crimson_roses154,1763357282.0
1ozh1f2,https://i.redd.it/2sety1w1qt1g1.jpeg,We are so done for bruhhhðŸ˜­ðŸ˜­,shxf_1,1763388062.0
1ozfhgk,https://i.redd.it/lsctz8c0et1g1.png,In case if you wanted concrete proof who was behind yesterday's Trinco incident ðŸ˜‚,curiouscolombite,1763384016.0
1ozebo7,https://i.redd.it/rz788vim3t1g1.jpeg,In a conflict between India and Pakistan who do you support?,Dhanagg,1763380519.0
1ozdn89,https://i.redd.it/o55zys1mws1g1.jpeg,Ideas on this Stand up/Comedy show?,Unreal_realist-7381,1763378160.0
1ozdi55,https://i.redd.it/g2zyk41tus1g1.png,"Can't believe ""THE C*NT OF MONTE CRISTO"" is in stock at Sarasavi Book Shop ðŸ˜Š",wiknew1,1763377668.0
1ozcc9l,https://i.redd.it/giosjowiis1g1.jpeg,Why arenâ€™t true religious leaders questioning this?,Aromatic_Emu_1230,1763373423.0
1ozbed2,https://i.redd.it/rgeqe9197s1g1.png,a $1m for a $250k car is crazy.,smllcheeseburger,1763369682.0
1oz8366,https://i.redd.it/izoctkki6r1g1.jpeg,Where to get side bags like this for men?,Crimson_roses154,1763357282.0
1ozh1f2,https://i.redd.it/2sety1w1qt1g1.jpeg,We are so done for bruhhhðŸ˜­ðŸ˜­,shxf_1,1763388062.0
1ozfhgk,https://i.redd.it/lsctz8c0et1g1.png,In case if you wanted concrete proof who was behind yesterday's Trinco incident ðŸ˜‚,curiouscolombite,1763384016.0
1ozebo7,https://i.redd.it/rz788vim3t1g1.jpeg,In a conflict between India and Pakistan who do you support?,Dhanagg,1763380519.0
1ozdn89,https://i.redd.it/o55zys1mws1g1.jpeg,Ideas on this Stand up/Comedy show?,Unreal_realist-7381,1763378160.0
1ozdi55,https://i.redd.it/g2zyk41tus1g1.png,"Can't believe ""THE C*NT OF MONTE CRISTO"" is in stock at Sarasavi Book Shop ðŸ˜Š",wiknew1,1763377668.0
1ozcc9l,https://i.redd.it/giosjowiis1g1.jpeg,Why arenâ€™t true religious leaders questioning this?,Aromatic_Emu_1230,1763373423.0
1ozbed2,https://i.redd.it/rgeqe9197s1g1.png,a $1m for a $250k car is crazy.,smllcheeseburger,1763369682.0
1oz8366,https://i.redd.it/izoctkki6r1g1.jpeg,Where to get side bags like this for men?,Crimson_roses154,1763357282.0
1ozh1f2,https://i.redd.it/2sety1w1qt1g1.jpeg,We are so done for bruhhhðŸ˜­ðŸ˜­,shxf_1,1763388062.0
1ozfhgk,https://i.redd.it/lsctz8c0et1g1.png,In case if you wanted concrete proof who was behind yesterday's Trinco incident ðŸ˜‚,curiouscolombite,1763384016.0
1ozebo7,https://i.redd.it/rz788vim3t1g1.jpeg,In a conflict between India and Pakistan who do you support?,Dhanagg,1763380519.0
1ozdn89,https://i.redd.it/o55zys1mws1g1.jpeg,Ideas on this Stand up/Comedy show?,Unreal_realist-7381,1763378160.0
1ozdi55,https://i.redd.it/g2zyk41tus1g1.png,"Can't believe ""THE C*NT OF MONTE CRISTO"" is in stock at Sarasavi Book Shop ðŸ˜Š",wiknew1,1763377668.0
1ozcc9l,https://i.redd.it/giosjowiis1g1.jpeg,Why arenâ€™t true religious leaders questioning this?,Aromatic_Emu_1230,1763373423.0
1ozbed2,https://i.redd.it/rgeqe9197s1g1.png,a $1m for a $250k car is crazy.,smllcheeseburger,1763369682.0
1oz8366,https://i.redd.it/izoctkki6r1g1.jpeg,Where to get side bags like this for men?,Crimson_roses154,1763357282.0
1ozh1f2,https://i.redd.it/2sety1w1qt1g1.jpeg,We are so done for bruhhhðŸ˜­ðŸ˜­,shxf_1,1763388062.0
1ozfhgk,https://i.redd.it/lsctz8c0et1g1.png,In case if you wanted concrete proof who was behind yesterday's Trinco incident ðŸ˜‚,curiouscolombite,1763384016.0
1ozebo7,https://i.redd.it/rz788vim3t1g1.jpeg,In a conflict between India and Pakistan who do you support?,Dhanagg,1763380519.0
1ozdn89,https://i.redd.it/o55zys1mws1g1.jpeg,Ideas on this Stand up/Comedy show?,Unreal_realist-7381,1763378160.0
1ozdi55,https://i.redd.it/g2zyk41tus1g1.png,"Can't believe ""THE C*NT OF MONTE CRISTO"" is in stock at Sarasavi Book Shop ðŸ˜Š",wiknew1,1763377668.0
1ozcc9l,https://i.redd.it/giosjowiis1g1.jpeg,Why arenâ€™t true religious leaders questioning this?,Aromatic_Emu_1230,1763373423.0
1ozbed2,https://i.redd.it/rgeqe9197s1g1.png,a $1m for a $250k car is crazy.,smllcheeseburger,1763369682.0
1oz8366,https://i.redd.it/izoctkki6r1g1.jpeg,Where to get side bags like this for men?,Crimson_roses154,1763357282.0
1ozh1f2,https://i.redd.it/2sety1w1qt1g1.jpeg,We are so done for bruhhhðŸ˜­ðŸ˜­,shxf_1,1763388062.0
1ozfhgk,https://i.redd.it/lsctz8c0et1g1.png,In case if you wanted concrete proof who was behind yesterday's Trinco incident ðŸ˜‚,curiouscolombite,1763384016.0
1ozebo7,https://i.redd.it/rz788vim3t1g1.jpeg,In a conflict between India and Pakistan who do you support?,Dhanagg,1763380519.0
1ozdn89,https://i.redd.it/o55zys1mws1g1.jpeg,Ideas on this Stand up/Comedy show?,Unreal_realist-7381,1763378160.0
1ozdi55,https://i.redd.it/g2zyk41tus1g1.png,"Can't believe ""THE C*NT OF MONTE CRISTO"" is in stock at Sarasavi Book Shop ðŸ˜Š",wiknew1,1763377668.0
1ozcc9l,https://i.redd.it/giosjowiis1g1.jpeg,Why arenâ€™t true religious leaders questioning this?,Aromatic_Emu_1230,1763373423.0
1ozbed2,https://i.redd.it/rgeqe9197s1g1.png,a $1m for a $250k car is crazy.,smllcheeseburger,1763369682.0
1oz8366,https://i.redd.it/izoctkki6r1g1.jpeg,Where to get side bags like this for men?,Crimson_roses154,1763357282.0
1ozh1f2,https://i.redd.it/2sety1w1qt1g1.jpeg,We are so done for bruhhhðŸ˜­ðŸ˜­,shxf_1,1763388062.0
1ozfhgk,https://i.redd.it/lsctz8c0et1g1.png,In case if you wanted concrete proof who was behind yesterday's Trinco incident ðŸ˜‚,curiouscolombite,1763384016.0
1ozebo7,https://i.redd.it/rz788vim3t1g1.jpeg,In a conflict between India and Pakistan who do you support?,Dhanagg,1763380519.0
1ozdn89,https://i.redd.it/o55zys1mws1g1.jpeg,Ideas on this Stand up/Comedy show?,Unreal_realist-7381,1763378160.0
1ozdi55,https://i.redd.it/g2zyk41tus1g1.png,"Can't believe ""THE C*NT OF MONTE CRISTO"" is in stock at Sarasavi Book Shop ðŸ˜Š",wiknew1,1763377668.0
1ozcc9l,https://i.redd.it/giosjowiis1g1.jpeg,Why arenâ€™t true religious leaders questioning this?,Aromatic_Emu_1230,1763373423.0
1ozbed2,https://i.redd.it/rgeqe9197s1g1.png,a $1m for a $250k car is crazy.,smllcheeseburger,1763369682.0
1oz8366,https://i.redd.it/izoctkki6r1g1.jpeg,Where to get side bags like this for men?,Crimson_roses154,1763357282.0
1ozh1f2,https://i.redd.it/2sety1w1qt1g1.jpeg,We are so done for bruhhhðŸ˜­ðŸ˜­,shxf_1,1763388062.0
1ozfhgk,https://i.redd.it/lsctz8c0et1g1.png,In case if you wanted concrete proof who was behind yesterday's Trinco incident ðŸ˜‚,curiouscolombite,1763384016.0
1ozebo7,https://i.redd.it/rz788vim3t1g1.jpeg,In a conflict between India and Pakistan who do you support?,Dhanagg,1763380519.0
1ozdn89,https://i.redd.it/o55zys1mws1g1.jpeg,Ideas on this Stand up/Comedy show?,Unreal_realist-7381,1763378160.0
1ozdi55,https://i.redd.it/g2zyk41tus1g1.png,"Can't believe ""THE C*NT OF MONTE CRISTO"" is in stock at Sarasavi Book Shop ðŸ˜Š",wiknew1,1763377668.0
1ozcc9l,https://i.redd.it/giosjowiis1g1.jpeg,Why arenâ€™t true religious leaders questioning this?,Aromatic_Emu_1230,1763373423.0
1ozbed2,https://i.redd.it/rgeqe9197s1g1.png,a $1m for a $250k car is crazy.,smllcheeseburger,1763369682.0
1oz8366,https://i.redd.it/izoctkki6r1g1.jpeg,Where to get side bags like this for men?,Crimson_roses154,1763357282.0
1ozh1f2,https://i.redd.it/2sety1w1qt1g1.jpeg,We are so done for bruhhhðŸ˜­ðŸ˜­,shxf_1,1763388062.0
1ozfhgk,https://i.redd.it/lsctz8c0et1g1.png,In case if you wanted concrete proof who was behind yesterday's Trinco incident ðŸ˜‚,curiouscolombite,1763384016.0
1ozebo7,https://i.redd.it/rz788vim3t1g1.jpeg,In a conflict between India and Pakistan who do you support?,Dhanagg,1763380519.0
1ozdn89,https://i.redd.it/o55zys1mws1g1.jpeg,Ideas on this Stand up/Comedy show?,Unreal_realist-7381,1763378160.0
1ozdi55,https://i.redd.it/g2zyk41tus1g1.png,"Can't believe ""THE C*NT OF MONTE CRISTO"" is in stock at Sarasavi Book Shop ðŸ˜Š",wiknew1,1763377668.0
1ozcc9l,https://i.redd.it/giosjowiis1g1.jpeg,Why arenâ€™t true religious leaders questioning this?,Aromatic_Emu_1230,1763373423.0
1ozbed2,https://i.redd.it/rgeqe9197s1g1.png,a $1m for a $250k car is crazy.,smllcheeseburger,1763369682.0
1oz8366,https://i.redd.it/izoctkki6r1g1.jpeg,Where to get side bags like this for men?,Crimson_roses154,1763357282.0
1ozh1f2,https://i.redd.it/2sety1w1qt1g1.jpeg,We are so done for bruhhhðŸ˜­ðŸ˜­,shxf_1,1763388062.0
1ozfhgk,https://i.redd.it/lsctz8c0et1g1.png,In case if you wanted concrete proof who was behind yesterday's Trinco incident ðŸ˜‚,curiouscolombite,1763384016.0
1ozebo7,https://i.redd.it/rz788vim3t1g1.jpeg,In a conflict between India and Pakistan who do you support?,Dhanagg,1763380519.0
1ozdn89,https://i.redd.it/o55zys1mws1g1.jpeg,Ideas on this Stand up/Comedy show?,Unreal_realist-7381,1763378160.0
1ozdi55,https://i.redd.it/g2zyk41tus1g1.png,"Can't believe ""THE C*NT OF MONTE CRISTO"" is in stock at Sarasavi Book Shop ðŸ˜Š",wiknew1,1763377668.0
1ozcc9l,https://i.redd.it/giosjowiis1g1.jpeg,Why arenâ€™t true religious leaders questioning this?,Aromatic_Emu_1230,1763373423.0
1ozbed2,https://i.redd.it/rgeqe9197s1g1.png,a $1m for a $250k car is crazy.,smllcheeseburger,1763369682.0
1oz8366,https://i.redd.it/izoctkki6r1g1.jpeg,Where to get side bags like this for men?,Crimson_roses154,1763357282.0
1ozh1f2,https://i.redd.it/2sety1w1qt1g1.jpeg,We are so done for bruhhhðŸ˜­ðŸ˜­,shxf_1,1763388062.0
1ozfhgk,https://i.redd.it/lsctz8c0et1g1.png,In case if you wanted concrete proof who was behind yesterday's Trinco incident ðŸ˜‚,curiouscolombite,1763384016.0
1ozebo7,https://i.redd.it/rz788vim3t1g1.jpeg,In a conflict between India and Pakistan who do you support?,Dhanagg,1763380519.0
1ozdn89,https://i.redd.it/o55zys1mws1g1.jpeg,Ideas on this Stand up/Comedy show?,Unreal_realist-7381,1763378160.0
1ozdi55,https://i.redd.it/g2zyk41tus1g1.png,"Can't believe ""THE C*NT OF MONTE CRISTO"" is in stock at Sarasavi Book Shop ðŸ˜Š",wiknew1,1763377668.0
1ozcc9l,https://i.redd.it/giosjowiis1g1.jpeg,Why arenâ€™t true religious leaders questioning this?,Aromatic_Emu_1230,1763373423.0
1ozbed2,https://i.redd.it/rgeqe9197s1g1.png,a $1m for a $250k car is crazy.,smllcheeseburger,1763369682.0
1oz8366,https://i.redd.it/izoctkki6r1g1.jpeg,Where to get side bags like this for men?,Crimson_roses154,1763357282.0
1ozh1f2,https://i.redd.it/2sety1w1qt1g1.jpeg,We are so done for bruhhhðŸ˜­ðŸ˜­,shxf_1,1763388062.0
1ozfhgk,https://i.redd.it/lsctz8c0et1g1.png,In case if you wanted concrete proof who was behind yesterday's Trinco incident ðŸ˜‚,curiouscolombite,1763384016.0
1ozebo7,https://i.redd.it/rz788vim3t1g1.jpeg,In a conflict between India and Pakistan who do you support?,Dhanagg,1763380519.0
1ozdn89,https://i.redd.it/o55zys1mws1g1.jpeg,Ideas on this Stand up/Comedy show?,Unreal_realist-7381,1763378160.0
1ozdi55,https://i.redd.it/g2zyk41tus1g1.png,"Can't believe ""THE C*NT OF MONTE CRISTO"" is in stock at Sarasavi Book Shop ðŸ˜Š",wiknew1,1763377668.0
1ozcc9l,https://i.redd.it/giosjowiis1g1.jpeg,Why arenâ€™t true religious leaders questioning this?,Aromatic_Emu_1230,1763373423.0
1ozbed2,https://i.redd.it/rgeqe9197s1g1.png,a $1m for a $250k car is crazy.,smllcheeseburger,1763369682.0
1oz8366,https://i.redd.it/izoctkki6r1g1.jpeg,Where to get side bags like this for men?,Crimson_roses154,1763357282.0
1ozh1f2,https://i.redd.it/2sety1w1qt1g1.jpeg,We are so done for bruhhhðŸ˜­ðŸ˜­,shxf_1,1763388062.0
1ozfhgk,https://i.redd.it/lsctz8c0et1g1.png,In case if you wanted concrete proof who was behind yesterday's Trinco incident ðŸ˜‚,curiouscolombite,1763384016.0
1ozebo7,https://i.redd.it/rz788vim3t1g1.jpeg,In a conflict between India and Pakistan who do you support?,Dhanagg,1763380519.0
1ozdn89,https://i.redd.it/o55zys1mws1g1.jpeg,Ideas on this Stand up/Comedy show?,Unreal_realist-7381,1763378160.0
1ozdi55,https://i.redd.it/g2zyk41tus1g1.png,"Can't believe ""THE C*NT OF MONTE CRISTO"" is in stock at Sarasavi Book Shop ðŸ˜Š",wiknew1,1763377668.0
1ozcc9l,https://i.redd.it/giosjowiis1g1.jpeg,Why arenâ€™t true religious leaders questioning this?,Aromatic_Emu_1230,1763373423.0
1ozbed2,https://i.redd.it/rgeqe9197s1g1.png,a $1m for a $250k car is crazy.,smllcheeseburger,1763369682.0
1oz8366,https://i.redd.it/izoctkki6r1g1.jpeg,Where to get side bags like this for men?,Crimson_roses154,1763357282.0
1ozh1f2,https://i.redd.it/2sety1w1qt1g1.jpeg,We are so done for bruhhhðŸ˜­ðŸ˜­,shxf_1,1763388062.0
1ozfhgk,https://i.redd.it/lsctz8c0et1g1.png,In case if you wanted concrete proof who was behind yesterday's Trinco incident ðŸ˜‚,curiouscolombite,1763384016.0
1ozebo7,https://i.redd.it/rz788vim3t1g1.jpeg,In a conflict between India and Pakistan who do you support?,Dhanagg,1763380519.0
1ozdn89,https://i.redd.it/o55zys1mws1g1.jpeg,Ideas on this Stand up/Comedy show?,Unreal_realist-7381,1763378160.0
1ozdi55,https://i.redd.it/g2zyk41tus1g1.png,"Can't believe ""THE C*NT OF MONTE CRISTO"" is in stock at Sarasavi Book Shop ðŸ˜Š",wiknew1,1763377668.0
1ozcc9l,https://i.redd.it/giosjowiis1g1.jpeg,Why arenâ€™t true religious leaders questioning this?,Aromatic_Emu_1230,1763373423.0
1ozbed2,https://i.redd.it/rgeqe9197s1g1.png,a $1m for a $250k car is crazy.,smllcheeseburger,1763369682.0
1oz8366,https://i.redd.it/izoctkki6r1g1.jpeg,Where to get side bags like this for men?,Crimson_roses154,1763357282.0
1ozh1f2,https://i.redd.it/2sety1w1qt1g1.jpeg,We are so done for bruhhhðŸ˜­ðŸ˜­,shxf_1,1763388062.0
1ozfhgk,https://i.redd.it/lsctz8c0et1g1.png,In case if you wanted concrete proof who was behind yesterday's Trinco incident ðŸ˜‚,curiouscolombite,1763384016.0
1ozebo7,https://i.redd.it/rz788vim3t1g1.jpeg,In a conflict between India and Pakistan who do you support?,Dhanagg,1763380519.0
1ozdn89,https://i.redd.it/o55zys1mws1g1.jpeg,Ideas on this Stand up/Comedy show?,Unreal_realist-7381,1763378160.0
1ozdi55,https://i.redd.it/g2zyk41tus1g1.png,"Can't believe ""THE C*NT OF MONTE CRISTO"" is in stock at Sarasavi Book Shop ðŸ˜Š",wiknew1,1763377668.0
1ozcc9l,https://i.redd.it/giosjowiis1g1.jpeg,Why arenâ€™t true religious leaders questioning this?,Aromatic_Emu_1230,1763373423.0
1ozbed2,https://i.redd.it/rgeqe9197s1g1.png,a $1m for a $250k car is crazy.,smllcheeseburger,1763369682.0
1oz8366,https://i.redd.it/izoctkki6r1g1.jpeg,Where to get side bags like this for men?,Crimson_roses154,1763357282.0
1ozh1f2,https://i.redd.it/2sety1w1qt1g1.jpeg,We are so done for bruhhhðŸ˜­ðŸ˜­,shxf_1,1763388062.0
1ozfhgk,https://i.redd.it/lsctz8c0et1g1.png,In case if you wanted concrete proof who was behind yesterday's Trinco incident ðŸ˜‚,curiouscolombite,1763384016.0
1ozebo7,https://i.redd.it/rz788vim3t1g1.jpeg,In a conflict between India and Pakistan who do you support?,Dhanagg,1763380519.0
1ozdn89,https://i.redd.it/o55zys1mws1g1.jpeg,Ideas on this Stand up/Comedy show?,Unreal_realist-7381,1763378160.0
1ozdi55,https://i.redd.it/g2zyk41tus1g1.png,"Can't believe ""THE C*NT OF MONTE CRISTO"" is in stock at Sarasavi Book Shop ðŸ˜Š",wiknew1,1763377668.0
1ozcc9l,https://i.redd.it/giosjowiis1g1.jpeg,Why arenâ€™t true religious leaders questioning this?,Aromatic_Emu_1230,1763373423.0
1ozbed2,https://i.redd.it/rgeqe9197s1g1.png,a $1m for a $250k car is crazy.,smllcheeseburger,1763369682.0
1oz8366,https://i.redd.it/izoctkki6r1g1.jpeg,Where to get side bags like this for men?,Crimson_roses154,1763357282.0
1ozh1f2,https://i.redd.it/2sety1w1qt1g1.jpeg,We are so done for bruhhhðŸ˜­ðŸ˜­,shxf_1,1763388062.0
1ozfhgk,https://i.redd.it/lsctz8c0et1g1.png,In case if you wanted concrete proof who was behind yesterday's Trinco incident ðŸ˜‚,curiouscolombite,1763384016.0
1ozebo7,https://i.redd.it/rz788vim3t1g1.jpeg,In a conflict between India and Pakistan who do you support?,Dhanagg,1763380519.0
1ozdn89,https://i.redd.it/o55zys1mws1g1.jpeg,Ideas on this Stand up/Comedy show?,Unreal_realist-7381,1763378160.0
1ozdi55,https://i.redd.it/g2zyk41tus1g1.png,"Can't believe ""THE C*NT OF MONTE CRISTO"" is in stock at Sarasavi Book Shop ðŸ˜Š",wiknew1,1763377668.0
1ozcc9l,https://i.redd.it/giosjowiis1g1.jpeg,Why arenâ€™t true religious leaders questioning this?,Aromatic_Emu_1230,1763373423.0
1ozbed2,https://i.redd.it/rgeqe9197s1g1.png,a $1m for a $250k car is crazy.,smllcheeseburger,1763369682.0
1oz8366,https://i.redd.it/izoctkki6r1g1.jpeg,Where to get side bags like this for men?,Crimson_roses154,1763357282.0
1ozh1f2,https://i.redd.it/2sety1w1qt1g1.jpeg,We are so done for bruhhhðŸ˜­ðŸ˜­,shxf_1,1763388062.0
1ozfhgk,https://i.redd.it/lsctz8c0et1g1.png,In case if you wanted concrete proof who was behind yesterday's Trinco incident ðŸ˜‚,curiouscolombite,1763384016.0
1ozebo7,https://i.redd.it/rz788vim3t1g1.jpeg,In a conflict between India and Pakistan who do you support?,Dhanagg,1763380519.0
1ozdn89,https://i.redd.it/o55zys1mws1g1.jpeg,Ideas on this Stand up/Comedy show?,Unreal_realist-7381,1763378160.0
1ozdi55,https://i.redd.it/g2zyk41tus1g1.png,"Can't believe ""THE C*NT OF MONTE CRISTO"" is in stock at Sarasavi Book Shop ðŸ˜Š",wiknew1,1763377668.0
1ozcc9l,https://i.redd.it/giosjowiis1g1.jpeg,Why arenâ€™t true religious leaders questioning this?,Aromatic_Emu_1230,1763373423.0
1ozbed2,https://i.redd.it/rgeqe9197s1g1.png,a $1m for a $250k car is crazy.,smllcheeseburger,1763369682.0
1oz8366,https://i.redd.it/izoctkki6r1g1.jpeg,Where to get side bags like this for men?,Crimson_roses154,1763357282.0
1ozh1f2,https://i.redd.it/2sety1w1qt1g1.jpeg,We are so done for bruhhhðŸ˜­ðŸ˜­,shxf_1,1763388062.0
1ozfhgk,https://i.redd.it/lsctz8c0et1g1.png,In case if you wanted concrete proof who was behind yesterday's Trinco incident ðŸ˜‚,curiouscolombite,1763384016.0
1ozebo7,https://i.redd.it/rz788vim3t1g1.jpeg,In a conflict between India and Pakistan who do you support?,Dhanagg,1763380519.0
1ozdn89,https://i.redd.it/o55zys1mws1g1.jpeg,Ideas on this Stand up/Comedy show?,Unreal_realist-7381,1763378160.0
1ozdi55,https://i.redd.it/g2zyk41tus1g1.png,"Can't believe ""THE C*NT OF MONTE CRISTO"" is in stock at Sarasavi Book Shop ðŸ˜Š",wiknew1,1763377668.0
1ozcc9l,https://i.redd.it/giosjowiis1g1.jpeg,Why arenâ€™t true religious leaders questioning this?,Aromatic_Emu_1230,1763373423.0
1ozbed2,https://i.redd.it/rgeqe9197s1g1.png,a $1m for a $250k car is crazy.,smllcheeseburger,1763369682.0
1oz8366,https://i.redd.it/izoctkki6r1g1.jpeg,Where to get side bags like this for men?,Crimson_roses154,1763357282.0
1ozh1f2,https://i.redd.it/2sety1w1qt1g1.jpeg,We are so done for bruhhhðŸ˜­ðŸ˜­,shxf_1,1763388062.0
1ozfhgk,https://i.redd.it/lsctz8c0et1g1.png,In case if you wanted concrete proof who was behind yesterday's Trinco incident ðŸ˜‚,curiouscolombite,1763384016.0
1ozebo7,https://i.redd.it/rz788vim3t1g1.jpeg,In a conflict between India and Pakistan who do you support?,Dhanagg,1763380519.0
1ozdn89,https://i.redd.it/o55zys1mws1g1.jpeg,Ideas on this Stand up/Comedy show?,Unreal_realist-7381,1763378160.0
1ozdi55,https://i.redd.it/g2zyk41tus1g1.png,"Can't believe ""THE C*NT OF MONTE CRISTO"" is in stock at Sarasavi Book Shop ðŸ˜Š",wiknew1,1763377668.0
1ozcc9l,https://i.redd.it/giosjowiis1g1.jpeg,Why arenâ€™t true religious leaders questioning this?,Aromatic_Emu_1230,1763373423.0
1ozbed2,https://i.redd.it/rgeqe9197s1g1.png,a $1m for a $250k car is crazy.,smllcheeseburger,1763369682.0
1oz8366,https://i.redd.it/izoctkki6r1g1.jpeg,Where to get side bags like this for men?,Crimson_roses154,1763357282.0
1ozh1f2,https://i.redd.it/2sety1w1qt1g1.jpeg,We are so done for bruhhhðŸ˜­ðŸ˜­,shxf_1,1763388062.0
1ozfhgk,https://i.redd.it/lsctz8c0et1g1.png,In case if you wanted concrete proof who was behind yesterday's Trinco incident ðŸ˜‚,curiouscolombite,1763384016.0
1ozebo7,https://i.redd.it/rz788vim3t1g1.jpeg,In a conflict between India and Pakistan who do you support?,Dhanagg,1763380519.0
1ozdn89,https://i.redd.it/o55zys1mws1g1.jpeg,Ideas on this Stand up/Comedy show?,Unreal_realist-7381,1763378160.0
1ozdi55,https://i.redd.it/g2zyk41tus1g1.png,"Can't believe ""THE C*NT OF MONTE CRISTO"" is in stock at Sarasavi Book Shop ðŸ˜Š",wiknew1,1763377668.0
1ozcc9l,https://i.redd.it/giosjowiis1g1.jpeg,Why arenâ€™t true religious leaders questioning this?,Aromatic_Emu_1230,1763373423.0
1ozbed2,https://i.redd.it/rgeqe9197s1g1.png,a $1m for a $250k car is crazy.,smllcheeseburger,1763369682.0
1oz8366,https://i.redd.it/izoctkki6r1g1.jpeg,Where to get side bags like this for men?,Crimson_roses154,1763357282.0
1ozh1f2,https://i.redd.it/2sety1w1qt1g1.jpeg,We are so done for bruhhhðŸ˜­ðŸ˜­,shxf_1,1763388062.0
1ozfhgk,https://i.redd.it/lsctz8c0et1g1.png,In case if you wanted concrete proof who was behind yesterday's Trinco incident ðŸ˜‚,curiouscolombite,1763384016.0
1ozebo7,https://i.redd.it/rz788vim3t1g1.jpeg,In a conflict between India and Pakistan who do you support?,Dhanagg,1763380519.0
1ozdn89,https://i.redd.it/o55zys1mws1g1.jpeg,Ideas on this Stand up/Comedy show?,Unreal_realist-7381,1763378160.0
1ozdi55,https://i.redd.it/g2zyk41tus1g1.png,"Can't believe ""THE C*NT OF MONTE CRISTO"" is in stock at Sarasavi Book Shop ðŸ˜Š",wiknew1,1763377668.0
1ozcc9l,https://i.redd.it/giosjowiis1g1.jpeg,Why arenâ€™t true religious leaders questioning this?,Aromatic_Emu_1230,1763373423.0
1ozbed2,https://i.redd.it/rgeqe9197s1g1.png,a $1m for a $250k car is crazy.,smllcheeseburger,1763369682.0
1oz8366,https://i.redd.it/izoctkki6r1g1.jpeg,Where to get side bags like this for men?,Crimson_roses154,1763357282.0
1ozh1f2,https://i.redd.it/2sety1w1qt1g1.jpeg,We are so done for bruhhhðŸ˜­ðŸ˜­,shxf_1,1763388062.0
1ozfhgk,https://i.redd.it/lsctz8c0et1g1.png,In case if you wanted concrete proof who was behind yesterday's Trinco incident ðŸ˜‚,curiouscolombite,1763384016.0
1ozebo7,https://i.redd.it/rz788vim3t1g1.jpeg,In a conflict between India and Pakistan who do you support?,Dhanagg,1763380519.0
1ozdn89,https://i.redd.it/o55zys1mws1g1.jpeg,Ideas on this Stand up/Comedy show?,Unreal_realist-7381,1763378160.0
1ozdi55,https://i.redd.it/g2zyk41tus1g1.png,"Can't believe ""THE C*NT OF MONTE CRISTO"" is in stock at Sarasavi Book Shop ðŸ˜Š",wiknew1,1763377668.0
1ozcc9l,https://i.redd.it/giosjowiis1g1.jpeg,Why arenâ€™t true religious leaders questioning this?,Aromatic_Emu_1230,1763373423.0
1ozbed2,https://i.redd.it/rgeqe9197s1g1.png,a $1m for a $250k car is crazy.,smllcheeseburger,1763369682.0
1oz8366,https://i.redd.it/izoctkki6r1g1.jpeg,Where to get side bags like this for men?,Crimson_roses154,1763357282.0
1ozh1f2,https://i.redd.it/2sety1w1qt1g1.jpeg,We are so done for bruhhhðŸ˜­ðŸ˜­,shxf_1,1763388062.0
1ozfhgk,https://i.redd.it/lsctz8c0et1g1.png,In case if you wanted concrete proof who was behind yesterday's Trinco incident ðŸ˜‚,curiouscolombite,1763384016.0
1ozebo7,https://i.redd.it/rz788vim3t1g1.jpeg,In a conflict between India and Pakistan who do you support?,Dhanagg,1763380519.0
1ozdn89,https://i.redd.it/o55zys1mws1g1.jpeg,Ideas on this Stand up/Comedy show?,Unreal_realist-7381,1763378160.0
1ozdi55,https://i.redd.it/g2zyk41tus1g1.png,"Can't believe ""THE C*NT OF MONTE CRISTO"" is in stock at Sarasavi Book Shop ðŸ˜Š",wiknew1,1763377668.0
1ozcc9l,https://i.redd.it/giosjowiis1g1.jpeg,Why arenâ€™t true religious leaders questioning this?,Aromatic_Emu_1230,1763373423.0
1ozbed2,https://i.redd.it/rgeqe9197s1g1.png,a $1m for a $250k car is crazy.,smllcheeseburger,1763369682.0
1oz8366,https://i.redd.it/izoctkki6r1g1.jpeg,Where to get side bags like this for men?,Crimson_roses154,1763357282.0
1ozh1f2,https://i.redd.it/2sety1w1qt1g1.jpeg,We are so done for bruhhhðŸ˜­ðŸ˜­,shxf_1,1763388062.0
1ozfhgk,https://i.redd.it/lsctz8c0et1g1.png,In case if you wanted concrete proof who was behind yesterday's Trinco incident ðŸ˜‚,curiouscolombite,1763384016.0
1ozebo7,https://i.redd.it/rz788vim3t1g1.jpeg,In a conflict between India and Pakistan who do you support?,Dhanagg,1763380519.0
1ozdn89,https://i.redd.it/o55zys1mws1g1.jpeg,Ideas on this Stand up/Comedy show?,Unreal_realist-7381,1763378160.0
1ozdi55,https://i.redd.it/g2zyk41tus1g1.png,"Can't believe ""THE C*NT OF MONTE CRISTO"" is in stock at Sarasavi Book Shop ðŸ˜Š",wiknew1,1763377668.0
1ozcc9l,https://i.redd.it/giosjowiis1g1.jpeg,Why arenâ€™t true religious leaders questioning this?,Aromatic_Emu_1230,1763373423.0
1ozbed2,https://i.redd.it/rgeqe9197s1g1.png,a $1m for a $250k car is crazy.,smllcheeseburger,1763369682.0
1oz8366,https://i.redd.it/izoctkki6r1g1.jpeg,Where to get side bags like this for men?,Crimson_roses154,1763357282.0
1ozh1f2,https://i.redd.it/2sety1w1qt1g1.jpeg,We are so done for bruhhhðŸ˜­ðŸ˜­,shxf_1,1763388062.0
1ozfhgk,https://i.redd.it/lsctz8c0et1g1.png,In case if you wanted concrete proof who was behind yesterday's Trinco incident ðŸ˜‚,curiouscolombite,1763384016.0
1ozebo7,https://i.redd.it/rz788vim3t1g1.jpeg,In a conflict between India and Pakistan who do you support?,Dhanagg,1763380519.0
1ozdn89,https://i.redd.it/o55zys1mws1g1.jpeg,Ideas on this Stand up/Comedy show?,Unreal_realist-7381,1763378160.0
1ozdi55,https://i.redd.it/g2zyk41tus1g1.png,"Can't believe ""THE C*NT OF MONTE CRISTO"" is in stock at Sarasavi Book Shop ðŸ˜Š",wiknew1,1763377668.0
1ozcc9l,https://i.redd.it/giosjowiis1g1.jpeg,Why arenâ€™t true religious leaders questioning this?,Aromatic_Emu_1230,1763373423.0
1ozbed2,https://i.redd.it/rgeqe9197s1g1.png,a $1m for a $250k car is crazy.,smllcheeseburger,1763369682.0
1oz8366,https://i.redd.it/izoctkki6r1g1.jpeg,Where to get side bags like this for men?,Crimson_roses154,1763357282.0
1ozh1f2,https://i.redd.it/2sety1w1qt1g1.jpeg,We are so done for bruhhhðŸ˜­ðŸ˜­,shxf_1,1763388062.0
1ozfhgk,https://i.redd.it/lsctz8c0et1g1.png,In case if you wanted concrete proof who was behind yesterday's Trinco incident ðŸ˜‚,curiouscolombite,1763384016.0
1ozebo7,https://i.redd.it/rz788vim3t1g1.jpeg,In a conflict between India and Pakistan who do you support?,Dhanagg,1763380519.0
1ozdn89,https://i.redd.it/o55zys1mws1g1.jpeg,Ideas on this Stand up/Comedy show?,Unreal_realist-7381,1763378160.0
1ozdi55,https://i.redd.it/g2zyk41tus1g1.png,"Can't believe ""THE C*NT OF MONTE CRISTO"" is in stock at Sarasavi Book Shop ðŸ˜Š",wiknew1,1763377668.0
1ozcc9l,https://i.redd.it/giosjowiis1g1.jpeg,Why arenâ€™t true religious leaders questioning this?,Aromatic_Emu_1230,1763373423.0
1ozbed2,https://i.redd.it/rgeqe9197s1g1.png,a $1m for a $250k car is crazy.,smllcheeseburger,1763369682.0
1oz8366,https://i.redd.it/izoctkki6r1g1.jpeg,Where to get side bags like this for men?,Crimson_roses154,1763357282.0
1ozh1f2,https://i.redd.it/2sety1w1qt1g1.jpeg,We are so done for bruhhhðŸ˜­ðŸ˜­,shxf_1,1763388062.0
1ozfhgk,https://i.redd.it/lsctz8c0et1g1.png,In case if you wanted concrete proof who was behind yesterday's Trinco incident ðŸ˜‚,curiouscolombite,1763384016.0
1ozebo7,https://i.redd.it/rz788vim3t1g1.jpeg,In a conflict between India and Pakistan who do you support?,Dhanagg,1763380519.0
1ozdn89,https://i.redd.it/o55zys1mws1g1.jpeg,Ideas on this Stand up/Comedy show?,Unreal_realist-7381,1763378160.0
1ozdi55,https://i.redd.it/g2zyk41tus1g1.png,"Can't believe ""THE C*NT OF MONTE CRISTO"" is in stock at Sarasavi Book Shop ðŸ˜Š",wiknew1,1763377668.0
1ozcc9l,https://i.redd.it/giosjowiis1g1.jpeg,Why arenâ€™t true religious leaders questioning this?,Aromatic_Emu_1230,1763373423.0
1ozbed2,https://i.redd.it/rgeqe9197s1g1.png,a $1m for a $250k car is crazy.,smllcheeseburger,1763369682.0
1oz8366,https://i.redd.it/izoctkki6r1g1.jpeg,Where to get side bags like this for men?,Crimson_roses154,1763357282.0
1ozh1f2,https://i.redd.it/2sety1w1qt1g1.jpeg,We are so done for bruhhhðŸ˜­ðŸ˜­,shxf_1,1763388062.0
1ozfhgk,https://i.redd.it/lsctz8c0et1g1.png,In case if you wanted concrete proof who was behind yesterday's Trinco incident ðŸ˜‚,curiouscolombite,1763384016.0
1ozebo7,https://i.redd.it/rz788vim3t1g1.jpeg,In a conflict between India and Pakistan who do you support?,Dhanagg,1763380519.0
1ozdn89,https://i.redd.it/o55zys1mws1g1.jpeg,Ideas on this Stand up/Comedy show?,Unreal_realist-7381,1763378160.0
1ozdi55,https://i.redd.it/g2zyk41tus1g1.png,"Can't believe ""THE C*NT OF MONTE CRISTO"" is in stock at Sarasavi Book Shop ðŸ˜Š",wiknew1,1763377668.0
1ozcc9l,https://i.redd.it/giosjowiis1g1.jpeg,Why arenâ€™t true religious leaders questioning this?,Aromatic_Emu_1230,1763373423.0
1ozbed2,https://i.redd.it/rgeqe9197s1g1.png,a $1m for a $250k car is crazy.,smllcheeseburger,1763369682.0
1oz8366,https://i.redd.it/izoctkki6r1g1.jpeg,Where to get side bags like this for men?,Crimson_roses154,1763357282.0
1ozh1f2,https://i.redd.it/2sety1w1qt1g1.jpeg,We are so done for bruhhhðŸ˜­ðŸ˜­,shxf_1,1763388062.0
1ozfhgk,https://i.redd.it/lsctz8c0et1g1.png,In case if you wanted concrete proof who was behind yesterday's Trinco incident ðŸ˜‚,curiouscolombite,1763384016.0
1ozebo7,https://i.redd.it/rz788vim3t1g1.jpeg,In a conflict between India and Pakistan who do you support?,Dhanagg,1763380519.0
1ozdn89,https://i.redd.it/o55zys1mws1g1.jpeg,Ideas on this Stand up/Comedy show?,Unreal_realist-7381,1763378160.0
1ozdi55,https://i.redd.it/g2zyk41tus1g1.png,"Can't believe ""THE C*NT OF MONTE CRISTO"" is in stock at Sarasavi Book Shop ðŸ˜Š",wiknew1,1763377668.0
1ozcc9l,https://i.redd.it/giosjowiis1g1.jpeg,Why arenâ€™t true religious leaders questioning this?,Aromatic_Emu_1230,1763373423.0
1ozbed2,https://i.redd.it/rgeqe9197s1g1.png,a $1m for a $250k car is crazy.,smllcheeseburger,1763369682.0
1oz8366,https://i.redd.it/izoctkki6r1g1.jpeg,Where to get side bags like this for men?,Crimson_roses154,1763357282.0
1ozh1f2,https://i.redd.it/2sety1w1qt1g1.jpeg,We are so done for bruhhhðŸ˜­ðŸ˜­,shxf_1,1763388062.0
1ozfhgk,https://i.redd.it/lsctz8c0et1g1.png,In case if you wanted concrete proof who was behind yesterday's Trinco incident ðŸ˜‚,curiouscolombite,1763384016.0
1ozebo7,https://i.redd.it/rz788vim3t1g1.jpeg,In a conflict between India and Pakistan who do you support?,Dhanagg,1763380519.0
1ozdn89,https://i.redd.it/o55zys1mws1g1.jpeg,Ideas on this Stand up/Comedy show?,Unreal_realist-7381,1763378160.0
1ozdi55,https://i.redd.it/g2zyk41tus1g1.png,"Can't believe ""THE C*NT OF MONTE CRISTO"" is in stock at Sarasavi Book Shop ðŸ˜Š",wiknew1,1763377668.0
1ozcc9l,https://i.redd.it/giosjowiis1g1.jpeg,Why arenâ€™t true religious leaders questioning this?,Aromatic_Emu_1230,1763373423.0
1ozbed2,https://i.redd.it/rgeqe9197s1g1.png,a $1m for a $250k car is crazy.,smllcheeseburger,1763369682.0
1oz8366,https://i.redd.it/izoctkki6r1g1.jpeg,Where to get side bags like this for men?,Crimson_roses154,1763357282.0
1ozh1f2,https://i.redd.it/2sety1w1qt1g1.jpeg,We are so done for bruhhhðŸ˜­ðŸ˜­,shxf_1,1763388062.0
1ozfhgk,https://i.redd.it/lsctz8c0et1g1.png,In case if you wanted concrete proof who was behind yesterday's Trinco incident ðŸ˜‚,curiouscolombite,1763384016.0
1ozebo7,https://i.redd.it/rz788vim3t1g1.jpeg,In a conflict between India and Pakistan who do you support?,Dhanagg,1763380519.0
1ozdn89,https://i.redd.it/o55zys1mws1g1.jpeg,Ideas on this Stand up/Comedy show?,Unreal_realist-7381,1763378160.0
1ozdi55,https://i.redd.it/g2zyk41tus1g1.png,"Can't believe ""THE C*NT OF MONTE CRISTO"" is in stock at Sarasavi Book Shop ðŸ˜Š",wiknew1,1763377668.0
1ozcc9l,https://i.redd.it/giosjowiis1g1.jpeg,Why arenâ€™t true religious leaders questioning this?,Aromatic_Emu_1230,1763373423.0
1ozbed2,https://i.redd.it/rgeqe9197s1g1.png,a $1m for a $250k car is crazy.,smllcheeseburger,1763369682.0
1oz8366,https://i.redd.it/izoctkki6r1g1.jpeg,Where to get side bags like this for men?,Crimson_roses154,1763357282.0
1ozh1f2,https://i.redd.it/2sety1w1qt1g1.jpeg,We are so done for bruhhhðŸ˜­ðŸ˜­,shxf_1,1763388062.0
1ozfhgk,https://i.redd.it/lsctz8c0et1g1.png,In case if you wanted concrete proof who was behind yesterday's Trinco incident ðŸ˜‚,curiouscolombite,1763384016.0
1ozebo7,https://i.redd.it/rz788vim3t1g1.jpeg,In a conflict between India and Pakistan who do you support?,Dhanagg,1763380519.0
1ozdn89,https://i.redd.it/o55zys1mws1g1.jpeg,Ideas on this Stand up/Comedy show?,Unreal_realist-7381,1763378160.0
1ozdi55,https://i.redd.it/g2zyk41tus1g1.png,"Can't believe ""THE C*NT OF MONTE CRISTO"" is in stock at Sarasavi Book Shop ðŸ˜Š",wiknew1,1763377668.0
1ozcc9l,https://i.redd.it/giosjowiis1g1.jpeg,Why arenâ€™t true religious leaders questioning this?,Aromatic_Emu_1230,1763373423.0
1ozbed2,https://i.redd.it/rgeqe9197s1g1.png,a $1m for a $250k car is crazy.,smllcheeseburger,1763369682.0
1oz8366,https://i.redd.it/izoctkki6r1g1.jpeg,Where to get side bags like this for men?,Crimson_roses154,1763357282.0
1ozh1f2,https://i.redd.it/2sety1w1qt1g1.jpeg,We are so done for bruhhhðŸ˜­ðŸ˜­,shxf_1,1763388062.0
1ozfhgk,https://i.redd.it/lsctz8c0et1g1.png,In case if you wanted concrete proof who was behind yesterday's Trinco incident ðŸ˜‚,curiouscolombite,1763384016.0
1ozebo7,https://i.redd.it/rz788vim3t1g1.jpeg,In a conflict between India and Pakistan who do you support?,Dhanagg,1763380519.0
1ozdn89,https://i.redd.it/o55zys1mws1g1.jpeg,Ideas on this Stand up/Comedy show?,Unreal_realist-7381,1763378160.0
1ozdi55,https://i.redd.it/g2zyk41tus1g1.png,"Can't believe ""THE C*NT OF MONTE CRISTO"" is in stock at Sarasavi Book Shop ðŸ˜Š",wiknew1,1763377668.0
1ozcc9l,https://i.redd.it/giosjowiis1g1.jpeg,Why arenâ€™t true religious leaders questioning this?,Aromatic_Emu_1230,1763373423.0
1ozbed2,https://i.redd.it/rgeqe9197s1g1.png,a $1m for a $250k car is crazy.,smllcheeseburger,1763369682.0
1oz8366,https://i.redd.it/izoctkki6r1g1.jpeg,Where to get side bags like this for men?,Crimson_roses154,1763357282.0
1ozh1f2,https://i.redd.it/2sety1w1qt1g1.jpeg,We are so done for bruhhhðŸ˜­ðŸ˜­,shxf_1,1763388062.0
1ozfhgk,https://i.redd.it/lsctz8c0et1g1.png,In case if you wanted concrete proof who was behind yesterday's Trinco incident ðŸ˜‚,curiouscolombite,1763384016.0
1ozebo7,https://i.redd.it/rz788vim3t1g1.jpeg,In a conflict between India and Pakistan who do you support?,Dhanagg,1763380519.0
1ozdn89,https://i.redd.it/o55zys1mws1g1.jpeg,Ideas on this Stand up/Comedy show?,Unreal_realist-7381,1763378160.0
1ozdi55,https://i.redd.it/g2zyk41tus1g1.png,"Can't believe ""THE C*NT OF MONTE CRISTO"" is in stock at Sarasavi Book Shop ðŸ˜Š",wiknew1,1763377668.0
1ozcc9l,https://i.redd.it/giosjowiis1g1.jpeg,Why arenâ€™t true religious leaders questioning this?,Aromatic_Emu_1230,1763373423.0
1ozbed2,https://i.redd.it/rgeqe9197s1g1.png,a $1m for a $250k car is crazy.,smllcheeseburger,1763369682.0
1oz8366,https://i.redd.it/izoctkki6r1g1.jpeg,Where to get side bags like this for men?,Crimson_roses154,1763357282.0
1ozh1f2,https://i.redd.it/2sety1w1qt1g1.jpeg,We are so done for bruhhhðŸ˜­ðŸ˜­,shxf_1,1763388062.0
1ozfhgk,https://i.redd.it/lsctz8c0et1g1.png,In case if you wanted concrete proof who was behind yesterday's Trinco incident ðŸ˜‚,curiouscolombite,1763384016.0
1ozebo7,https://i.redd.it/rz788vim3t1g1.jpeg,In a conflict between India and Pakistan who do you support?,Dhanagg,1763380519.0
1ozdn89,https://i.redd.it/o55zys1mws1g1.jpeg,Ideas on this Stand up/Comedy show?,Unreal_realist-7381,1763378160.0
1ozdi55,https://i.redd.it/g2zyk41tus1g1.png,"Can't believe ""THE C*NT OF MONTE CRISTO"" is in stock at Sarasavi Book Shop ðŸ˜Š",wiknew1,1763377668.0
1ozcc9l,https://i.redd.it/giosjowiis1g1.jpeg,Why arenâ€™t true religious leaders questioning this?,Aromatic_Emu_1230,1763373423.0
1ozbed2,https://i.redd.it/rgeqe9197s1g1.png,a $1m for a $250k car is crazy.,smllcheeseburger,1763369682.0
1oz8366,https://i.redd.it/izoctkki6r1g1.jpeg,Where to get side bags like this for men?,Crimson_roses154,1763357282.0
1ozh1f2,https://i.redd.it/2sety1w1qt1g1.jpeg,We are so done for bruhhhðŸ˜­ðŸ˜­,shxf_1,1763388062.0
1ozfhgk,https://i.redd.it/lsctz8c0et1g1.png,In case if you wanted concrete proof who was behind yesterday's Trinco incident ðŸ˜‚,curiouscolombite,1763384016.0
1ozebo7,https://i.redd.it/rz788vim3t1g1.jpeg,In a conflict between India and Pakistan who do you support?,Dhanagg,1763380519.0
1ozdn89,https://i.redd.it/o55zys1mws1g1.jpeg,Ideas on this Stand up/Comedy show?,Unreal_realist-7381,1763378160.0
1ozdi55,https://i.redd.it/g2zyk41tus1g1.png,"Can't believe ""THE C*NT OF MONTE CRISTO"" is in stock at Sarasavi Book Shop ðŸ˜Š",wiknew1,1763377668.0
1ozcc9l,https://i.redd.it/giosjowiis1g1.jpeg,Why arenâ€™t true religious leaders questioning this?,Aromatic_Emu_1230,1763373423.0
1ozbed2,https://i.redd.it/rgeqe9197s1g1.png,a $1m for a $250k car is crazy.,smllcheeseburger,1763369682.0
1oz8366,https://i.redd.it/izoctkki6r1g1.jpeg,Where to get side bags like this for men?,Crimson_roses154,1763357282.0
1ozh1f2,https://i.redd.it/2sety1w1qt1g1.jpeg,We are so done for bruhhhðŸ˜­ðŸ˜­,shxf_1,1763388062.0
1ozfhgk,https://i.redd.it/lsctz8c0et1g1.png,In case if you wanted concrete proof who was behind yesterday's Trinco incident ðŸ˜‚,curiouscolombite,1763384016.0
1ozebo7,https://i.redd.it/rz788vim3t1g1.jpeg,In a conflict between India and Pakistan who do you support?,Dhanagg,1763380519.0
1ozdn89,https://i.redd.it/o55zys1mws1g1.jpeg,Ideas on this Stand up/Comedy show?,Unreal_realist-7381,1763378160.0
1ozdi55,https://i.redd.it/g2zyk41tus1g1.png,"Can't believe ""THE C*NT OF MONTE CRISTO"" is in stock at Sarasavi Book Shop ðŸ˜Š",wiknew1,1763377668.0
1ozcc9l,https://i.redd.it/giosjowiis1g1.jpeg,Why arenâ€™t true religious leaders questioning this?,Aromatic_Emu_1230,1763373423.0
1ozbed2,https://i.redd.it/rgeqe9197s1g1.png,a $1m for a $250k car is crazy.,smllcheeseburger,1763369682.0
1oz8366,https://i.redd.it/izoctkki6r1g1.jpeg,Where to get side bags like this for men?,Crimson_roses154,1763357282.0
1ozh1f2,https://i.redd.it/2sety1w1qt1g1.jpeg,We are so done for bruhhhðŸ˜­ðŸ˜­,shxf_1,1763388062.0
1ozfhgk,https://i.redd.it/lsctz8c0et1g1.png,In case if you wanted concrete proof who was behind yesterday's Trinco incident ðŸ˜‚,curiouscolombite,1763384016.0
1ozebo7,https://i.redd.it/rz788vim3t1g1.jpeg,In a conflict between India and Pakistan who do you support?,Dhanagg,1763380519.0
1ozdn89,https://i.redd.it/o55zys1mws1g1.jpeg,Ideas on this Stand up/Comedy show?,Unreal_realist-7381,1763378160.0
1ozdi55,https://i.redd.it/g2zyk41tus1g1.png,"Can't believe ""THE C*NT OF MONTE CRISTO"" is in stock at Sarasavi Book Shop ðŸ˜Š",wiknew1,1763377668.0
1ozcc9l,https://i.redd.it/giosjowiis1g1.jpeg,Why arenâ€™t true religious leaders questioning this?,Aromatic_Emu_1230,1763373423.0
1ozbed2,https://i.redd.it/rgeqe9197s1g1.png,a $1m for a $250k car is crazy.,smllcheeseburger,1763369682.0
1oz8366,https://i.redd.it/izoctkki6r1g1.jpeg,Where to get side bags like this for men?,Crimson_roses154,1763357282.0
1ozh1f2,https://i.redd.it/2sety1w1qt1g1.jpeg,We are so done for bruhhhðŸ˜­ðŸ˜­,shxf_1,1763388062.0
1ozfhgk,https://i.redd.it/lsctz8c0et1g1.png,In case if you wanted concrete proof who was behind yesterday's Trinco incident ðŸ˜‚,curiouscolombite,1763384016.0
1ozebo7,https://i.redd.it/rz788vim3t1g1.jpeg,In a conflict between India and Pakistan who do you support?,Dhanagg,1763380519.0
1ozdn89,https://i.redd.it/o55zys1mws1g1.jpeg,Ideas on this Stand up/Comedy show?,Unreal_realist-7381,1763378160.0
1ozdi55,https://i.redd.it/g2zyk41tus1g1.png,"Can't believe ""THE C*NT OF MONTE CRISTO"" is in stock at Sarasavi Book Shop ðŸ˜Š",wiknew1,1763377668.0
1ozcc9l,https://i.redd.it/giosjowiis1g1.jpeg,Why arenâ€™t true religious leaders questioning this?,Aromatic_Emu_1230,1763373423.0
1ozbed2,https://i.redd.it/rgeqe9197s1g1.png,a $1m for a $250k car is crazy.,smllcheeseburger,1763369682.0
1oz8366,https://i.redd.it/izoctkki6r1g1.jpeg,Where to get side bags like this for men?,Crimson_roses154,1763357282.0
1ozh1f2,https://i.redd.it/2sety1w1qt1g1.jpeg,We are so done for bruhhhðŸ˜­ðŸ˜­,shxf_1,1763388062.0
1ozfhgk,https://i.redd.it/lsctz8c0et1g1.png,In case if you wanted concrete proof who was behind yesterday's Trinco incident ðŸ˜‚,curiouscolombite,1763384016.0
1ozebo7,https://i.redd.it/rz788vim3t1g1.jpeg,In a conflict between India and Pakistan who do you support?,Dhanagg,1763380519.0
1ozdn89,https://i.redd.it/o55zys1mws1g1.jpeg,Ideas on this Stand up/Comedy show?,Unreal_realist-7381,1763378160.0
1ozdi55,https://i.redd.it/g2zyk41tus1g1.png,"Can't believe ""THE C*NT OF MONTE CRISTO"" is in stock at Sarasavi Book Shop ðŸ˜Š",wiknew1,1763377668.0
1ozcc9l,https://i.redd.it/giosjowiis1g1.jpeg,Why arenâ€™t true religious leaders questioning this?,Aromatic_Emu_1230,1763373423.0
1ozbed2,https://i.redd.it/rgeqe9197s1g1.png,a $1m for a $250k car is crazy.,smllcheeseburger,1763369682.0
1oz8366,https://i.redd.it/izoctkki6r1g1.jpeg,Where to get side bags like this for men?,Crimson_roses154,1763357282.0
1ozh1f2,https://i.redd.it/2sety1w1qt1g1.jpeg,We are so done for bruhhhðŸ˜­ðŸ˜­,shxf_1,1763388062.0
1ozfhgk,https://i.redd.it/lsctz8c0et1g1.png,In case if you wanted concrete proof who was behind yesterday's Trinco incident ðŸ˜‚,curiouscolombite,1763384016.0
1ozebo7,https://i.redd.it/rz788vim3t1g1.jpeg,In a conflict between India and Pakistan who do you support?,Dhanagg,1763380519.0
1ozdn89,https://i.redd.it/o55zys1mws1g1.jpeg,Ideas on this Stand up/Comedy show?,Unreal_realist-7381,1763378160.0
